id,price
3917,5
1885,0
1305,3
19328,2
16511,3
9998,5
19072,4
16947,4
10530,2
296,3
15096,2
6040,3
8223,1
17600,3
19869,4
19269,4
10975,5
5639,3
19529,3
10679,3
14694,0
8793,3
5721,5
16265,3
93,2
3278,3
884,1
11280,0
21235,4
6313,1
16460,3
5630,2
21189,1
7256,0
16220,5
18414,3
19613,4
218,1
22370,1
22336,1
7055,2
11322,1
2865,4
4750,4
4277,5
5612,1
20989,4
20943,1
12386,0
14334,4
13225,3
2745,4
8738,4
6414,1
9668,3
9031,2
6656,2
10786,3
21549,0
22349,3
6420,0
1947,4
736,1
19630,5
12051,0
5477,1
12645,4
15109,4
10532,5
8220,1
2,1
11044,4
7295,2
10885,3
16796,5
1797,0
10634,3
10407,3
21735,4
2778,3
194,1
7804,0
13530,1
22415,2
20085,0
294,1
11794,2
5122,3
10704,1
16859,5
14362,1
12641,2
1896,4
11109,2
21815,5
4037,3
21022,3
7049,2
11097,5
2850,4
15606,1
14704,5
4372,3
21477,3
5097,4
5643,0
13255,3
15411,2
1895,0
16267,2
6614,3
2121,4
17397,4
5847,3
15086,3
2091,1
7072,5
21176,3
4779,0
7447,5
10305,3
16551,2
22239,4
11519,4
20378,3
17492,1
4201,3
5603,0
5941,1
12785,1
319,4
8428,3
17824,1
20384,3
10343,2
20603,3
1731,3
16696,3
12763,4
15235,3
8423,4
18959,5
8854,2
6700,1
4720,1
1073,4
13019,0
16330,5
22225,1
18079,3
17070,0
56,3
10584,5
5773,3
3321,0
22057,0
3666,0
12852,2
17373,1
4680,3
21019,4
22132,5
4919,0
563,4
20941,2
16160,5
15954,1
6607,1
4080,4
20892,3
9688,1
19288,4
555,1
4315,2
12274,0
14127,3
18654,4
14628,3
9384,3
8175,5
8885,3
1375,2
6396,2
7018,1
7387,0
11458,1
7449,2
18594,3
11356,2
10230,2
3458,1
20208,3
10858,5
10499,4
17272,0
14254,4
5302,2
15804,3
14,2
17461,2
20361,0
14748,1
17289,1
8002,5
21896,2
10912,4
6928,4
19254,2
10324,1
21216,2
5054,3
8707,5
11377,3
18817,4
9891,1
12208,3
1086,3
13836,2
13762,3
4051,2
9371,2
3112,2
4759,5
2981,4
11425,1
7141,3
12627,5
10217,4
18221,1
2728,1
14497,4
9514,2
12719,3
11824,1
10179,3
18937,1
1266,0
1911,1
20857,3
4009,1
12908,5
2082,3
1572,0
21435,3
2995,4
19315,3
8872,2
19087,1
12271,2
1828,3
13146,3
6797,2
249,1
7401,2
16031,2
11000,5
18892,2
14642,2
21577,4
11666,2
9571,1
8789,4
3633,1
20373,3
15648,1
10733,3
889,0
10084,4
18505,3
20769,3
689,4
10408,2
1533,2
3251,3
8418,4
5777,2
8097,5
18698,3
17767,2
4543,2
13398,5
2225,2
561,4
21660,3
7690,5
13823,4
5565,0
18363,3
11638,2
4564,3
19996,1
3898,0
21186,2
11523,2
19332,1
7876,2
15992,3
71,2
12154,1
21100,4
7591,2
7024,3
18358,2
20164,2
15229,0
17589,3
22186,3
19973,0
12213,0
9494,4
16036,5
19554,5
5899,5
15674,4
15194,1
8713,4
15560,4
9310,3
44,1
15437,0
12675,3
7677,2
17345,3
15794,5
15993,4
6885,0
7268,3
11552,2
14440,2
12483,3
9144,3
4828,4
771,3
15214,0
11732,5
3551,1
1112,0
17419,3
19356,3
21498,2
11262,2
1371,1
6357,0
14498,2
13605,2
18473,3
4441,4
3162,3
15489,2
9418,3
2279,5
21677,5
11899,1
4362,2
7429,0
6895,3
5996,2
5720,4
2211,0
14155,0
14253,4
9758,1
53,1
19643,2
512,2
21663,4
19106,3
8532,4
12731,4
8111,5
6430,0
22143,5
4494,1
3144,3
17582,2
4084,3
393,1
18384,1
17254,1
2953,5
4227,3
10455,0
11486,0
6226,4
14325,2
7325,3
11227,0
12962,5
13541,0
13411,1
3320,3
16405,4
7780,2
9785,1
7058,0
18492,4
15348,2
10300,3
12112,3
13621,5
11799,2
3171,3
3170,3
18745,5
722,2
4814,2
9355,0
2019,2
469,4
897,3
5569,1
79,1
19374,5
21550,4
11369,3
527,3
3403,2
597,3
3619,2
7033,3
12076,2
5319,4
22222,2
19116,5
17525,4
15883,1
17893,4
15935,4
20239,3
3431,2
11449,3
3735,3
21855,3
920,4
9856,0
4177,2
9224,3
5515,0
3966,3
10481,4
3659,1
162,1
6999,4
6066,0
5108,0
12802,3
20027,1
13916,5
6288,2
19557,5
4808,1
1941,3
14308,0
8941,5
9464,2
15899,5
19906,3
1326,2
13478,4
17017,2
816,1
1124,4
15623,0
13394,0
9018,3
13246,3
17326,1
4239,4
10597,0
19806,1
15980,4
4217,0
12008,3
1056,4
15877,2
12452,3
9196,0
7542,3
1031,3
17360,2
17269,3
20227,3
3227,3
11455,3
20896,0
10066,4
21787,2
15453,0
18912,1
14284,3
6655,1
11373,4
15260,0
17087,2
15491,3
21411,4
8179,3
7921,4
1279,3
20196,1
2974,4
7460,4
21679,3
13170,0
12323,2
1153,3
6789,2
19318,4
10052,4
7852,3
1135,2
17480,1
15463,3
3141,4
1635,1
21927,3
12993,2
15267,3
16685,3
21013,4
8207,1
18277,2
7270,0
2116,2
8084,4
8980,3
14640,1
10557,4
15253,2
9316,2
16982,2
16822,3
21434,4
5280,2
17996,3
4677,2
4661,4
17867,2
4146,0
1351,3
9149,4
7218,1
844,2
312,1
2110,1
12409,0
8949,3
4142,4
21341,2
17341,3
13632,4
11907,3
10748,3
6223,1
9776,3
6705,1
16251,3
4596,2
412,4
1870,3
5678,3
4163,0
11253,0
12036,3
3209,4
65,0
334,4
9343,3
16926,4
18465,3
4160,0
6954,2
17035,4
15833,3
6923,1
20667,2
5983,2
18045,3
21120,3
22092,1
17161,3
382,1
12166,3
3474,2
3683,1
19555,4
17642,1
9792,1
1173,0
16650,1
6653,3
14922,2
7109,3
11878,1
6431,0
13055,3
10746,3
3747,2
10310,0
7353,1
14777,0
16478,3
14648,2
1247,5
13772,3
12609,4
21816,2
3365,2
17750,3
20009,2
5210,0
19799,5
18218,3
10770,4
16111,1
8113,4
20828,3
10112,4
7004,0
19353,3
6968,0
2707,2
18359,2
12988,3
9456,2
4916,3
19942,4
22019,2
4600,3
5148,2
10319,4
2243,5
6876,4
3468,3
18831,5
5396,4
12737,2
18121,3
10521,2
4761,5
11136,3
3585,3
7515,4
13431,1
961,0
730,0
2879,4
16448,3
10078,2
6410,3
7794,0
9855,4
2727,5
4743,1
16820,5
17037,4
7624,3
20057,3
6563,3
2085,3
9318,2
21468,4
18934,4
20888,3
11547,4
11647,4
6338,5
13996,5
17416,1
1785,2
10031,0
2210,5
3187,2
14484,2
3373,3
15583,5
10160,4
5870,3
16523,5
17993,1
13515,2
4843,3
13964,5
2115,4
9452,0
9773,5
19995,3
19405,4
172,0
3413,2
11886,3
5829,4
5347,0
12077,4
5658,3
12301,2
6766,5
10087,3
4096,0
18301,4
15783,2
13455,0
14358,1
4240,3
19445,5
17121,0
3879,4
2354,4
17862,2
9860,2
17696,0
10831,3
10623,5
17796,1
1871,2
5252,2
7334,0
20744,0
18057,3
15521,5
6844,1
22257,1
12038,2
9221,5
11405,0
18459,4
1019,4
22072,2
11457,3
10070,3
1981,3
6388,2
9591,5
5106,3
9369,4
9277,3
16890,4
16923,3
14647,1
10072,3
11489,3
7752,0
15429,3
4095,3
17738,4
7497,5
12966,0
11889,3
1977,2
16855,5
9859,3
6026,2
15974,5
5152,2
14301,2
12897,3
3224,5
326,0
6904,3
1715,3
5306,1
7550,0
18927,3
13665,5
7949,2
17085,4
13280,5
3940,3
18646,1
21160,3
2100,3
20135,3
20370,3
6152,0
18809,2
6397,3
5095,1
21734,5
445,0
567,5
12383,2
15274,3
10534,3
6884,1
21757,4
15884,3
13075,3
12181,3
13351,4
11525,3
20558,2
12462,1
4858,5
15198,1
4928,2
21413,2
12466,3
18737,4
14512,2
104,1
13713,0
795,3
12047,0
21294,1
10641,1
16185,2
19988,2
7768,0
13108,0
19778,4
15759,0
10184,5
10712,3
10443,3
15436,4
3388,2
7001,4
899,2
10167,3
3914,3
3676,2
14294,2
4946,5
14088,2
8653,3
18944,3
2950,1
7821,0
7165,2
3349,2
20216,0
16113,3
9638,2
17453,3
2392,4
9446,1
16768,3
16779,4
5468,4
3104,3
10708,2
19458,3
7073,2
2764,5
20127,0
7221,2
5399,4
6047,0
11285,1
8022,5
4364,1
5487,5
22163,4
21063,5
18317,4
12512,0
9457,1
12687,5
1023,2
17633,3
6921,2
20629,2
15050,0
19528,4
3533,1
15278,3
12865,0
16553,2
10576,5
11573,1
18387,0
14855,1
5779,0
5112,4
1096,1
11177,4
14178,1
2909,3
14594,5
19991,3
8180,1
11640,4
2144,3
3838,2
18268,1
9097,1
9143,1
5433,3
22185,4
13378,4
15984,1
14496,0
14888,1
1105,2
9209,3
13973,5
17,4
7538,4
20157,3
3784,2
9982,1
739,1
17672,4
14401,2
22305,2
15945,2
12547,4
19685,1
12869,4
9960,1
19437,4
20974,4
13038,2
3271,2
1442,2
6993,4
18304,3
7622,0
18471,4
3531,2
121,3
19226,3
2498,4
298,2
21024,4
9926,4
1515,0
9286,1
4336,4
4290,2
18303,0
11204,5
22180,5
13950,4
20533,3
20855,3
19782,4
17817,0
15812,0
1944,2
16003,5
12705,1
7586,1
8118,5
10076,2
18701,4
1130,4
16256,5
13829,4
20049,1
5139,4
12245,2
2287,1
12374,1
7222,3
15876,3
17217,2
10977,5
21238,4
5361,3
15149,3
11121,2
693,2
6771,1
6714,2
20992,4
14319,1
4147,4
5539,5
17000,4
10470,3
20681,5
19790,4
660,0
22252,1
4991,0
7959,4
8257,1
10245,3
21588,3
9358,3
365,0
8913,4
6237,3
7452,1
14907,2
3056,3
12497,2
10884,5
20495,2
21236,3
6092,0
4413,2
14537,3
19119,4
1374,1
2050,3
10632,4
14413,4
4618,2
231,2
18172,3
1482,2
1303,4
12443,2
5416,1
11104,3
22280,3
16466,2
3716,3
18068,2
14505,4
11288,3
9376,2
6204,1
2982,3
17953,2
2178,4
8055,4
20849,3
16533,5
12673,4
6615,3
10600,0
10611,4
8321,3
4977,3
19987,1
6402,3
6322,1
10538,3
11279,2
10747,4
19959,5
2114,2
21602,3
2181,2
10399,5
6231,3
20779,1
2892,2
22364,3
13863,4
7548,0
2672,2
570,3
15,0
10386,3
5800,3
6516,1
1100,3
12931,3
10252,4
5680,0
15646,2
7871,5
4310,1
10586,3
12940,5
19162,4
21558,4
8406,3
6118,1
7070,4
18294,2
13883,3
4526,2
9004,2
2894,4
10735,4
677,4
16581,2
21465,0
6850,2
20433,1
15874,4
7892,4
13546,4
16630,4
12380,1
4565,1
2731,1
14228,1
839,1
3877,2
4632,0
7634,0
5066,1
16608,2
4188,0
1739,0
7044,2
10483,0
3049,2
1408,0
6008,2
3035,4
18902,5
12826,1
11096,3
2158,0
21060,2
15364,3
18687,5
18093,1
12279,2
1817,1
11927,2
106,3
8774,4
2841,3
14443,3
14415,0
6317,1
12408,2
19256,4
13408,0
8293,2
1129,0
19620,4
8463,0
19025,1
14693,2
12221,2
4487,3
4788,4
7166,1
1104,1
16660,3
7626,4
18857,4
20291,1
3892,3
7047,3
4312,1
9551,3
11532,3
14533,2
15029,4
22392,3
13343,2
13734,5
5045,3
16336,3
7659,0
21669,3
19110,2
14909,0
1497,2
14984,0
12953,2
4579,3
13051,2
15756,1
11388,1
21514,4
1567,1
18125,2
13722,3
5772,2
1193,0
2807,3
21525,1
11901,0
22085,2
15079,2
15205,1
21298,4
21610,3
20188,3
7042,1
2106,4
12986,3
16549,5
11085,5
12441,2
10741,5
19029,4
13945,4
7739,4
12020,3
20972,4
22311,3
13373,2
5240,3
20890,4
17991,2
20644,1
1781,0
5762,1
2898,5
4489,3
4397,3
16896,4
5038,1
8709,2
16387,5
8215,3
5827,5
327,1
5444,3
1693,3
9382,2
6838,4
4258,3
12838,3
13130,0
3665,0
3370,0
10555,1
22273,2
881,0
11176,4
21058,4
12235,3
3230,3
10872,3
17507,2
17414,3
12099,3
18978,3
9728,3
11338,4
17681,0
18678,4
22306,0
19621,1
16037,2
16299,5
1980,3
3132,2
6065,4
368,2
6444,5
5196,1
17781,1
17500,4
927,3
6417,0
9654,0
17441,5
18449,1
13684,4
20399,3
20324,2
4278,2
7962,4
21634,1
8178,2
7599,3
22012,0
7917,3
11852,1
8284,2
4732,0
14564,5
20566,2
12258,2
21561,2
17395,4
19945,1
21054,3
12612,0
6887,0
11052,5
18788,4
20761,3
5013,5
7057,3
14048,3
17131,4
13104,1
20394,4
5611,3
7104,5
5170,2
20076,1
7320,1
3888,2
13949,5
20402,3
7762,0
11684,2
13839,3
14548,2
21379,3
999,3
16617,4
6205,4
6398,1
8835,3
15303,1
2348,2
14852,2
8895,4
2480,4
1558,0
17477,3
17705,0
8259,4
11391,2
6250,3
18696,3
11620,3
21316,2
7210,1
7096,2
6663,0
13178,5
9074,3
9003,1
3820,0
17556,2
1160,0
15150,0
18738,2
21753,2
10590,3
14579,1
4186,3
16990,1
4131,3
18964,0
3566,4
21596,1
6120,2
9093,3
1802,3
14403,3
686,4
812,2
22235,0
16443,4
760,4
10892,5
19056,3
22155,0
14679,3
2488,2
7702,1
18180,3
20183,1
1719,4
20219,3
8226,3
14272,4
9503,1
15022,2
4623,4
11501,2
22406,1
20619,0
14995,3
19261,2
8376,5
139,1
8128,1
18797,4
20452,2
11043,5
1089,4
7850,4
4157,1
21252,5
8847,3
4496,3
20705,1
5839,4
12304,3
11988,3
14054,1
14024,5
9874,4
21889,5
7043,4
13851,5
7045,2
11411,1
18286,2
21635,3
18844,0
5510,4
20393,3
11761,2
15799,2
14359,2
4164,0
3327,1
14802,4
12018,3
5861,4
12532,1
21732,5
7878,5
7809,1
11893,1
16532,5
9824,3
19292,0
17853,4
20516,0
13009,5
7393,2
18999,3
19610,5
6344,3
6369,4
5367,4
19746,4
4406,3
8277,4
16960,3
3244,1
16418,4
3203,4
1397,0
17054,4
5234,4
17082,2
9365,2
313,1
3799,2
1347,3
11859,3
18511,2
17226,0
15124,4
8603,2
6075,0
13029,2
4978,1
3942,2
7213,2
5237,4
6247,1
10136,3
20547,2
1704,0
7963,5
1644,2
13100,1
4097,2
14815,3
15776,1
17502,2
20110,1
6546,1
1109,3
4268,2
20250,3
937,1
20442,3
114,2
12916,3
1702,4
966,0
16017,3
19064,3
11834,0
12460,4
20733,2
1546,3
420,2
17593,4
534,3
3529,1
8562,5
13685,3
14686,1
654,4
10540,0
21043,2
8947,4
3368,4
1009,2
962,3
5215,2
1360,2
16052,5
17242,3
16756,3
17231,2
17448,1
18804,3
1505,1
100,2
16125,5
18543,5
1077,4
11318,1
17399,2
16103,3
21326,4
3781,0
8012,2
3609,3
7944,5
17847,2
16264,4
17462,4
11586,5
6364,3
17838,2
21223,2
19260,3
16187,4
2346,3
12911,3
6914,0
6449,5
11786,0
10684,4
15102,0
21302,4
15034,3
20303,3
19846,0
13293,3
8838,2
4454,2
6224,2
15849,2
20305,4
694,3
13556,5
4637,1
19316,5
5668,2
20253,3
14038,3
15843,4
16468,2
19708,5
16868,2
19120,1
18341,1
18576,3
18211,3
11454,2
13895,5
2777,4
0,1
18886,3
21436,2
13523,3
11286,1
16499,3
4198,2
12504,1
11921,3
16692,2
18247,3
10190,2
21996,5
1436,4
7091,0
17353,0
1766,0
2595,2
3657,1
13416,2
14709,2
20562,2
3347,3
8700,1
22292,3
5797,2
5411,3
10766,1
10299,2
14832,1
16370,5
9400,3
3150,4
15455,0
7120,4
2951,3
21825,1
14215,1
4658,4
9170,2
2325,2
6925,2
7006,2
513,4
369,2
21486,2
5992,0
19634,4
2737,3
19691,5
6299,1
15016,3
18248,0
7593,0
6367,3
15333,2
1378,1
19937,3
7193,2
2330,0
13506,4
11844,0
12215,2
800,3
4190,1
16455,3
12071,0
17860,1
10419,4
12439,4
19836,5
1346,2
19872,2
16787,4
11962,2
2512,3
4994,3
11120,3
6059,2
9299,4
3866,3
11481,0
12615,0
21830,3
17803,0
17349,1
11208,0
11742,4
5084,3
6643,3
9726,5
7414,2
4865,1
4546,0
15403,2
2546,2
1097,0
1131,1
18200,0
4379,1
7710,5
16917,5
8710,4
21210,0
18724,2
15816,0
19770,4
4349,2
7206,2
8237,0
8806,1
531,3
192,1
17973,1
8419,3
4102,2
4111,4
7357,4
6927,3
11812,2
10567,3
11726,1
4301,3
12956,2
6375,0
22030,2
7772,0
11309,2
14879,3
7653,0
3295,4
3782,3
5632,0
22069,4
7628,0
182,2
13470,2
5911,2
1063,4
19400,5
4719,4
13885,2
22159,5
12072,3
10978,5
11209,2
1523,2
1873,3
20261,3
2147,0
17529,2
5443,5
11920,1
11985,0
5703,1
21065,1
697,2
20308,3
15296,4
4907,5
6329,3
15121,1
4486,0
8823,4
2143,3
4980,5
18922,3
16409,2
16792,4
19474,2
16991,2
9749,3
85,1
155,1
14261,2
19221,4
16107,5
2673,2
13032,3
934,1
6650,2
10531,4
20656,2
14728,2
5107,1
4701,3
20503,1
18153,3
9896,3
20070,0
2281,3
14999,3
12812,1
6889,1
22084,5
6727,5
8945,4
22285,1
14785,3
9963,2
9239,2
3269,3
9458,4
3180,4
18403,2
20544,2
21759,2
2269,2
9518,0
1284,2
14066,2
5905,0
2093,1
7755,1
17133,0
7621,5
9845,4
5648,0
21725,3
37,4
6432,3
18448,4
5169,0
20752,3
6745,3
10812,5
13650,2
13670,4
20824,2
16903,2
11246,2
17376,3
7476,5
7927,4
17361,2
12760,1
22361,4
487,4
5407,3
9084,2
5655,4
1094,4
18302,3
13559,3
5734,0
21784,4
5939,2
19710,5
9026,1
6110,2
18755,4
17001,2
16813,5
10222,4
1886,4
769,1
18605,2
12350,1
11825,3
20961,2
13383,5
12237,0
13813,2
15706,1
20266,1
832,4
19359,2
3499,5
2056,2
4006,0
6113,0
6586,3
7975,4
8355,3
15620,2
20973,4
16203,3
15503,2
19065,4
19647,3
1510,0
12714,4
1975,0
20198,4
3014,2
6054,3
17740,3
3072,2
5227,4
16498,4
18579,4
17012,2
8977,3
13323,4
15212,0
955,4
9838,3
4139,3
4636,3
6051,1
21566,4
21128,2
10196,4
15965,4
21649,2
17835,1
21073,1
3920,0
20091,4
4751,4
21067,1
4731,2
6973,3
16658,4
13807,5
7723,1
2209,2
21527,3
4524,2
2485,2
7832,3
6862,2
5321,3
14491,2
12132,1
939,2
1835,3
5966,1
3617,3
16603,2
17438,1
6296,1
13906,4
18880,4
18212,4
15122,2
4770,3
10976,2
17850,1
15287,5
17771,1
10537,5
15908,2
21391,4
8807,4
1634,0
12667,4
6038,1
1926,4
9359,2
11313,2
7,3
17071,2
10409,3
12016,2
14945,3
14950,4
16817,2
1345,1
15663,3
5499,2
1054,0
12734,3
12435,0
5951,1
18688,5
10339,1
12684,2
18477,2
16189,4
17427,5
14763,2
18593,4
265,2
9572,4
13859,4
20698,3
7966,4
8476,4
3418,1
18423,2
523,4
15239,0
10795,2
8298,5
8747,4
4811,4
242,3
18080,4
9930,4
935,5
21893,4
14873,3
2283,4
9779,1
5030,3
7887,3
21444,4
8433,3
17437,2
13893,5
19650,1
8135,3
2053,0
17955,2
6793,2
21570,5
9117,2
12492,2
14898,0
9980,4
10659,4
6254,1
18595,2
8266,3
11984,1
4180,0
10546,3
13663,5
3265,2
11238,1
9140,2
18925,2
11210,5
3788,2
19949,5
8252,3
15084,2
21378,3
21149,3
21868,4
2704,3
20493,0
6363,3
7158,4
13289,2
8901,3
16893,2
10362,1
18770,3
11038,5
10887,1
16063,3
9977,0
7590,4
18612,2
20631,0
3455,2
17691,3
2450,4
18752,2
11754,2
6575,2
14572,0
16172,4
14242,5
21899,4
13004,2
12006,0
3258,3
9625,4
18992,3
21334,1
8650,2
2699,4
323,2
18641,4
9953,4
4455,2
6327,0
12333,2
9686,0
15141,0
11654,4
12389,1
10071,2
10558,1
10118,3
18974,4
17626,0
3020,3
11993,2
10999,4
5923,3
19614,1
3982,3
7267,2
7291,2
14708,3
19842,3
8978,2
7988,4
2691,4
22056,4
8256,4
6606,3
14715,2
9423,4
2638,4
21023,1
14062,0
17749,2
3189,3
13236,5
161,1
21769,4
10369,5
19729,4
10843,3
8166,5
15134,2
9709,0
10446,2
16263,4
2066,4
3594,4
10973,3
10607,3
18728,3
115,2
4683,3
3292,2
6003,5
7066,2
13733,2
876,0
5533,2
4531,3
15001,3
13933,5
12391,2
5231,4
18290,5
21521,3
8429,4
22282,3
2184,2
18214,2
20556,1
13584,1
2712,2
9171,4
6880,1
5616,3
7247,2
12559,0
15131,3
17401,1
9974,3
20280,1
13921,1
2322,2
18011,4
13217,4
3537,0
17340,1
6744,3
20379,0
8597,4
4059,1
14691,0
17774,1
1329,2
13539,0
19933,5
8110,3
11686,4
59,3
11194,4
7050,1
7422,0
1968,1
94,1
896,1
12682,4
17717,2
14903,2
3536,1
21040,0
12110,0
2051,3
5469,5
22384,4
13161,3
7632,3
10654,3
15656,4
5836,1
10702,4
8004,5
14123,4
9973,5
6100,1
1363,0
18067,4
19017,4
22286,1
4768,1
12445,1
1480,1
2590,3
11365,4
4830,2
1452,3
16941,5
10598,0
21095,4
501,3
2490,4
1789,2
7076,2
8158,5
7439,4
6229,1
10304,3
9486,2
2567,4
20534,0
8470,5
6415,2
14143,2
22011,3
5114,4
621,4
10333,3
8510,4
8935,2
16610,4
3825,0
12111,1
18074,3
16667,5
12334,4
5425,3
923,0
940,3
6374,3
6538,2
11896,2
9035,2
7242,3
7067,3
4999,3
5669,2
6084,2
20956,2
18868,1
19994,2
13805,3
8979,2
11396,3
8995,0
8365,3
4880,3
13177,0
389,3
2015,4
2137,1
21761,3
2952,5
21185,3
10357,3
7034,3
13525,2
12432,1
9470,2
13716,4
1541,3
14037,4
17100,3
4699,2
3545,0
8513,3
1227,3
3490,1
5132,3
3998,3
10270,4
5253,1
19835,5
7769,3
13092,1
297,0
21400,2
15684,2
1111,3
21897,4
14207,1
16116,3
13453,4
9295,5
20206,4
18613,0
8209,4
3726,5
8338,1
6675,2
2557,3
21064,2
4874,3
1015,1
21926,4
13718,3
14971,0
4149,4
8670,4
19279,1
8954,0
12738,3
8523,5
22205,0
21743,5
3835,0
15985,3
10204,2
2833,1
4685,2
12807,5
83,3
197,4
13039,3
2230,2
6616,1
212,2
17472,3
16709,2
5925,1
15424,2
10791,5
10645,3
4508,0
4713,1
2403,3
6761,0
1768,3
16512,3
2549,3
17727,1
20877,0
91,1
20380,4
15576,0
7503,5
21797,2
12771,4
15410,1
15210,2
9055,0
8755,4
7813,3
17741,3
3139,2
5447,3
2849,3
14523,4
12034,1
17420,2
9200,0
16654,2
20808,3
7408,3
17937,4
17447,4
1440,2
9111,2
19044,1
290,2
16074,3
11642,2
10878,3
1354,3
10227,3
12286,3
8772,2
9900,2
16257,1
1012,3
16678,4
7388,2
11670,2
9011,2
18558,0
15082,0
8554,4
17330,2
17006,2
6971,2
19998,0
5375,4
5995,5
8765,2
21183,2
17130,0
17201,2
8951,3
4120,3
17292,0
20348,1
12042,3
7211,4
22183,4
12876,3
10479,2
15644,5
13744,2
19050,3
17917,4
787,3
18275,2
15313,3
5418,0
10527,4
18649,5
14504,3
17211,2
14058,1
1521,3
5044,4
14121,1
6235,4
12239,0
18838,3
9402,2
9611,2
2179,3
10019,1
22067,4
12858,0
344,4
12262,1
11407,3
21360,2
10142,5
2635,4
14924,2
10658,0
20158,0
11,2
2542,5
21288,5
17043,3
1451,2
19360,3
13256,0
19975,5
19093,4
5372,2
4645,1
2391,2
7851,4
17025,3
17906,0
16509,5
22170,5
14230,2
3953,1
17899,2
559,4
5420,4
22113,5
207,5
10391,4
946,4
16373,5
15215,0
20642,3
4236,1
2108,3
3936,2
3896,2
11334,2
2645,4
19574,2
20232,2
19885,2
8088,1
4796,2
12369,2
6491,1
11366,1
19534,4
630,2
3889,1
21066,0
16634,5
4170,5
13990,5
1103,1
2068,4
20029,1
10838,4
19291,1
5874,3
19109,4
19377,4
21804,3
21164,3
13758,3
10109,3
3855,2
16807,5
17491,4
3978,0
11572,3
4576,1
7666,1
3093,2
8109,5
7036,4
17370,2
1838,2
5489,4
18270,4
6746,3
16573,5
8829,5
21438,5
1479,0
20636,2
7209,2
18888,1
20465,2
6692,2
8150,5
9391,3
5981,5
3341,4
13647,3
9284,5
14364,4
6473,4
20420,2
4753,0
11703,5
17708,3
17031,2
15774,2
7980,3
19830,2
6389,0
9430,4
4370,2
21130,5
16590,2
1361,4
9062,3
8542,4
3025,4
18973,3
17302,2
13233,3
5337,4
8342,3
2632,5
7647,1
13792,4
14418,0
10760,4
11247,2
13500,5
19712,2
18096,3
5274,3
9808,1
5591,4
21994,4
16755,4
16406,2
20134,0
5976,4
9053,2
9472,3
21942,3
9811,2
10403,4
7100,4
9345,3
8078,4
21887,2
6497,3
7595,3
8692,4
20023,0
4702,0
20437,2
9436,2
11031,4
4614,3
9682,0
4774,2
7046,2
22268,2
11399,0
6459,1
12558,3
8478,1
21393,5
9558,0
6421,3
8163,4
9072,3
15010,3
20301,1
11124,5
17627,3
9493,2
16109,2
6624,3
16761,4
3613,2
6725,5
17210,0
12747,3
1409,4
20820,3
18794,1
4108,5
16400,3
375,1
8089,3
4589,2
11557,4
13800,4
19839,3
14714,3
4283,1
551,1
17634,3
15193,1
2261,2
2071,3
8768,4
925,1
10749,3
2972,3
6180,2
21981,3
15321,2
5157,3
987,0
18307,2
20167,4
18131,1
22107,2
14839,2
17990,4
4993,1
19811,3
19039,1
2649,3
12744,0
10665,4
4716,3
3439,1
14011,3
19581,5
1202,1
180,3
10810,3
6135,1
12939,4
22123,5
22017,5
3905,1
12398,0
18552,1
19134,4
5601,4
856,1
19192,4
15686,3
10291,2
5333,4
19497,3
3847,0
10367,3
15513,1
2500,2
8461,4
10850,4
42,1
12573,1
3588,3
12638,0
14481,0
16073,2
3102,5
4536,0
17250,3
20520,2
1919,2
17464,4
2985,4
4554,2
19698,5
9447,3
2818,5
5517,0
20526,0
9691,1
4856,2
8066,1
20731,2
13077,5
15374,2
1125,2
11965,2
20984,2
602,1
21847,5
19009,1
21070,5
17784,2
19719,5
20787,2
9497,2
13377,4
9050,1
1226,0
17877,2
18636,2
1504,3
13346,4
13119,3
7522,0
13673,4
6822,0
1399,2
18289,5
10793,4
14470,2
1114,0
8101,3
6582,3
12289,1
14363,2
13765,4
9568,4
16586,4
4553,0
1531,3
19057,3
5880,1
20600,1
980,4
7781,4
11341,5
6753,1
1469,3
16316,2
1042,2
4053,2
14367,2
9986,2
2877,5
11522,4
19623,2
15602,4
19956,2
10580,2
16021,2
14006,4
20678,2
2074,1
11842,2
18774,2
6418,1
14631,2
21364,2
1684,3
18446,2
4279,2
11003,4
20937,0
18513,2
8689,1
566,1
6541,3
15211,3
8435,4
13472,3
1101,2
21795,2
539,0
14171,0
19114,2
16994,4
1420,3
15660,1
22192,0
10693,4
17662,2
15306,0
8323,2
9633,2
19432,2
20382,3
10134,3
16760,3
427,1
18754,1
11251,4
10489,3
14985,0
21792,2
2861,2
11068,4
14120,0
14141,1
12015,0
17658,2
20646,2
17164,3
17450,2
17522,4
11042,5
20581,1
10543,2
9425,3
18207,0
10171,5
19786,3
264,1
16346,0
11265,1
7990,3
10148,3
463,3
8354,3
10113,4
20883,3
15971,3
1199,2
17928,4
16645,4
3997,3
18517,4
6483,3
21703,5
16529,5
19103,1
22098,4
17021,0
2393,4
8003,1
450,2
5422,1
13484,4
21696,3
4979,2
6009,4
14383,2
1756,3
5042,4
19015,2
15696,3
7924,2
15162,1
15169,1
1242,1
3438,1
1254,2
589,4
1435,4
12137,3
16637,2
16404,2
8974,3
8076,5
19457,3
10188,3
21373,4
21782,3
14699,3
14469,3
7304,2
3569,2
6556,4
3302,0
8445,3
21336,4
4341,0
14546,2
20660,3
7364,0
9734,2
9526,3
14865,2
14847,0
6526,1
20293,4
9048,0
15865,4
14332,3
3264,4
1534,2
9118,1
14345,1
7580,5
1909,5
7611,2
13726,5
5356,1
2140,3
12868,4
3161,3
17271,4
16075,4
12722,3
8069,1
15074,3
18952,4
18240,2
12649,2
5709,3
10297,3
5562,0
14544,4
22091,3
21642,2
4248,3
11134,0
4242,3
8299,4
19434,3
17605,3
10755,5
6309,3
9550,1
11482,1
1468,1
7186,2
9947,4
4316,1
14187,4
9530,3
5993,0
3614,0
8583,4
16032,5
13701,5
2169,4
13704,5
14175,0
8673,4
12715,4
2176,3
6738,5
13022,2
718,4
3644,2
8205,5
22407,3
2155,4
12917,4
14751,1
7576,4
6372,2
11094,4
15060,5
17423,4
18512,2
14614,0
4483,3
20022,1
21338,1
8590,3
21460,3
15184,0
9544,3
21303,3
6291,1
19023,4
16112,5
20561,0
20768,3
6704,3
20214,1
7167,4
18850,1
14831,2
11580,3
14194,2
14986,1
18743,2
16995,4
18160,0
16016,2
7998,2
5918,1
10169,4
16458,3
13436,4
4068,1
15474,3
21839,1
4435,1
13693,2
3433,2
5895,5
8502,4
12813,2
5385,2
4718,2
8391,3
21807,5
2034,3
21156,1
1439,4
22212,2
3137,3
7541,4
5955,0
8499,5
9179,1
5860,4
6132,2
22200,4
15639,5
3459,4
8517,2
12620,1
21447,3
12935,4
4325,2
1920,0
8105,4
5191,5
13609,5
10387,3
10182,3
3635,0
13987,3
1156,0
21951,2
4232,2
12686,3
3126,2
11135,4
5175,1
21560,4
509,2
5854,4
15153,0
3359,2
6890,3
3895,0
20793,2
15704,1
20148,5
15970,3
3824,3
9589,0
6283,3
16730,3
7619,3
1706,2
20400,2
18112,4
18702,5
14683,2
12765,4
19580,0
9177,3
10914,5
6911,3
3389,2
14335,0
4927,4
10009,4
5564,3
2177,2
13164,1
10512,2
4561,1
14928,2
7061,5
3426,3
12290,3
10295,4
10913,4
9587,1
13747,0
7230,2
5958,4
20043,4
8998,2
14605,1
4706,4
8031,0
18256,1
6829,5
17599,2
9771,0
14093,4
19716,4
21584,2
16809,2
20921,5
10846,1
18279,2
10670,4
14051,0
13003,4
8192,4
8894,3
18732,4
10664,3
18574,3
9597,3
5537,0
10549,4
15290,3
17092,0
17631,2
5759,0
11477,0
15975,3
9133,0
17839,2
8147,5
15367,3
21487,3
5451,4
644,3
2693,3
19747,1
3764,5
18971,1
19468,3
14556,2
17547,1
7721,2
6735,2
17610,3
5727,0
19843,4
19384,4
8362,3
22176,2
14475,2
4143,0
12832,0
3024,4
13259,0
21425,4
4425,2
4585,2
20230,1
6987,3
1569,1
17721,3
9282,1
11233,2
5490,5
2250,1
11598,1
10526,3
12903,0
281,0
16152,5
12481,0
5000,0
5419,0
15061,5
13099,2
12096,2
4035,2
2043,3
3212,4
2702,4
19101,4
14676,0
6970,4
18657,4
3415,3
21369,4
20850,3
7031,3
2855,3
19345,4
15535,2
8921,1
3115,3
9840,4
14703,0
14590,2
18366,2
14514,4
10235,4
15206,2
15961,4
1144,4
16028,1
5579,0
8987,1
13063,3
5426,3
15225,3
16312,4
15558,3
2005,4
9142,1
3848,2
1801,0
11695,0
6323,0
10057,0
12797,2
17595,3
17147,2
10942,3
15909,1
21636,4
15707,4
20477,3
14369,3
13510,1
14483,1
17402,2
118,3
22375,3
15896,4
15864,1
19019,4
10566,3
5693,5
19736,4
17630,1
14381,2
6199,2
10126,3
18052,0
6986,0
20490,2
8229,4
13316,2
9937,2
7087,3
15388,2
10411,1
5885,2
19159,4
19532,5
17715,2
19758,0
14076,5
18311,2
4401,1
12853,1
4038,1
8819,3
17251,4
20421,1
21957,2
16402,2
21241,0
6450,1
7444,0
13314,4
15925,0
9455,1
1450,1
4126,1
7164,3
16643,5
14541,4
5767,2
2975,3
8051,2
13870,5
11977,0
15275,1
14102,2
13732,0
13978,1
5266,0
8608,3
20286,0
338,4
16242,5
18707,0
891,2
7214,2
10655,4
20758,4
10636,5
20443,2
2387,4
5505,3
2289,3
2254,1
21774,2
21000,2
8746,5
7078,3
8702,5
14509,3
17076,0
3540,0
5327,1
12674,4
17154,1
2400,2
20578,2
7807,4
5484,4
19068,2
4656,3
13030,2
22224,3
5760,1
2205,4
19357,3
12944,4
4809,5
4450,3
9994,1
4666,0
8546,5
18437,4
2945,1
10542,3
8028,0
3643,2
19575,4
16648,2
13923,5
15358,2
20478,3
2350,4
18278,1
19518,5
17265,3
18938,0
8131,0
1970,2
18300,4
11698,2
13667,3
19370,1
3826,2
5471,0
14379,3
13572,3
16565,2
7339,0
21168,2
19676,5
13499,5
11239,2
11831,3
10041,2
12108,2
9786,5
3685,2
18110,0
3352,1
3127,4
13659,2
16953,4
2342,2
10775,5
4153,1
2776,3
12552,2
2262,4
7495,0
13171,3
19487,1
13303,2
22313,2
18197,3
1796,2
6177,5
17485,3
10856,3
10482,3
10181,2
19307,1
14710,1
4862,3
9078,1
460,1
13048,4
4473,1
1964,3
1773,3
15616,5
7788,3
5613,4
2864,3
885,1
13126,3
16093,4
4559,1
9725,1
20679,1
5090,1
7583,4
22242,1
3662,3
8056,4
6906,4
12428,3
14288,2
9512,2
18201,4
20325,2
855,2
15604,3
13909,4
17918,0
16043,2
13741,1
2339,3
157,2
3512,1
12895,2
6179,2
15982,2
16076,0
8959,0
6164,2
21275,2
13826,3
7950,4
10085,1
15904,0
13648,2
9147,2
5956,2
1937,3
13897,4
20665,1
3061,2
10722,4
9185,2
5920,4
15209,4
4587,3
18722,4
11643,3
15381,1
10000,2
6851,2
12683,2
13709,4
16945,5
8781,4
18484,0
18536,4
6195,0
7866,5
5371,2
967,1
10138,3
5792,3
3736,0
15638,3
7667,3
19724,4
14638,0
21229,4
11728,2
9197,3
15401,3
770,4
9403,5
10835,4
6042,1
11830,1
16935,5
1670,3
20149,1
3338,1
2063,3
20213,3
22058,5
6487,4
12855,0
18534,3
1984,1
22343,1
5592,5
5331,4
9895,2
2580,3
15432,3
2959,4
593,3
13948,4
12379,2
16140,5
5747,3
4230,2
2588,4
10895,4
14697,0
7445,5
1426,2
17539,1
15032,2
13018,3
10486,0
11468,3
17903,3
3408,2
22312,1
10189,2
20166,3
22274,2
3371,2
3293,4
5326,0
16229,3
11967,0
4671,2
21417,3
10257,3
14755,4
19601,3
13042,1
3421,1
3184,4
20228,0
21057,4
10127,3
18097,2
6151,2
8616,4
8168,4
1357,0
6264,4
18956,3
20634,2
11898,1
2398,4
12531,2
11689,4
14767,1
409,1
13363,4
10043,4
18560,3
9955,1
8197,3
21036,4
13901,2
17320,0
8245,3
4465,0
20328,1
13273,3
20905,3
4072,1
21845,3
2431,0
11633,1
782,2
8261,3
10574,2
6754,1
9944,1
12266,1
17952,0
8420,2
18815,4
14167,1
17471,0
11093,5
4311,1
6980,2
3377,1
17625,1
7338,1
15953,4
12784,1
21047,1
3406,1
11325,1
22197,2
6531,3
19960,5
13963,2
2213,3
9292,3
11974,1
2631,4
2748,2
5504,0
724,2
10987,3
475,4
22275,2
6146,2
8312,5
17922,3
150,0
1033,2
17869,1
5840,2
4748,4
3190,1
5430,4
11211,5
19491,5
4693,2
16737,5
10117,3
16361,0
16371,4
15792,3
914,4
18962,4
5338,3
19681,4
4313,0
4708,0
18689,5
15611,4
20444,1
19818,3
18528,1
17999,2
13616,1
22227,4
17339,4
3322,2
3688,0
5673,3
21976,4
11635,1
9350,5
497,3
5383,3
22332,3
8396,4
14868,3
11367,1
15710,4
7854,3
14848,3
14271,2
14878,1
15189,0
20643,3
19247,4
13278,2
8551,5
4369,3
16569,4
6668,2
18836,4
13209,0
20987,3
3658,1
2276,2
6117,1
18161,1
19297,3
20300,3
1922,3
3983,4
17815,1
14566,5
18140,2
21027,1
5835,5
11850,2
6991,2
16079,2
3797,0
7604,3
21511,1
13940,4
16972,3
2470,0
18540,1
19336,2
5091,4
15733,4
17355,3
2482,2
3724,4
7229,1
5192,4
6034,5
10909,5
10930,5
22131,1
13420,2
14610,0
12967,3
4027,3
8818,1
19680,5
14618,1
16048,4
7865,5
1008,1
7500,4
4017,3
6157,4
19932,1
19920,0
13046,3
11335,0
16359,5
1839,0
3667,3
4082,1
12590,3
6808,3
7196,1
15413,4
2901,4
15190,1
15494,1
8278,3
6873,1
9255,3
8543,3
17371,4
5881,2
10688,4
14645,0
9581,3
14246,2
2887,5
6039,1
3086,2
5985,3
9660,0
17367,1
20657,2
3595,3
10845,3
6559,0
4746,1
6114,1
4375,0
17229,1
10821,5
18680,4
6816,2
3125,2
13937,2
9175,3
20156,2
2792,2
1403,0
20583,1
10633,1
15948,3
4110,3
19632,1
11230,0
12619,5
11535,4
4813,3
16576,1
13244,0
1410,2
4758,0
9303,3
2508,5
16927,5
21175,5
5325,5
3221,3
12825,3
14112,2
1285,1
13566,3
18352,3
11653,2
22032,3
2666,3
17018,3
15485,5
15192,0
2687,5
4079,2
15276,3
17498,4
6072,3
21751,2
16332,5
20598,3
5508,4
16842,3
20448,2
15901,5
18238,4
15927,1
17938,0
11945,4
15046,2
9480,2
6,0
20197,2
2323,5
4943,1
5550,5
10314,3
10156,3
8667,3
7679,2
20066,4
9562,1
12155,0
9755,3
5574,2
10742,3
19780,4
240,1
12210,4
9237,3
18164,0
850,1
10626,4
9405,4
5052,3
9717,1
8925,2
8122,1
1302,0
17806,0
16620,5
12608,4
7614,3
20494,2
6528,2
11536,3
16874,3
1933,3
541,3
16130,2
22209,3
1858,5
13275,4
12000,2
2083,2
14109,1
10685,3
9206,0
21788,3
19330,2
3153,3
292,2
7172,0
17016,2
9342,5
18516,5
10921,5
8942,0
17604,2
13612,3
14844,3
13016,4
5830,0
11802,2
6672,3
7819,4
4300,3
2954,5
11149,5
22144,3
4590,2
8993,4
10079,4
17015,5
15426,3
1275,1
10853,2
15512,2
21973,5
15750,5
7972,0
10897,5
5856,5
12224,4
16311,0
6064,2
2395,4
2371,3
14787,2
16889,4
10716,4
843,0
15392,0
7823,0
4682,1
4154,4
1145,2
2136,3
4900,3
924,2
417,1
20998,0
13846,3
9948,0
11435,2
4251,1
20664,0
15469,5
16167,3
14837,0
827,3
3698,4
8843,3
14743,4
12375,3
11033,4
7361,2
17699,2
17949,0
15763,0
3532,1
16997,4
19946,0
11714,3
14283,4
21449,3
14336,0
3968,3
3449,0
21668,2
7925,2
18791,2
19397,3
11688,5
20859,3
658,1
10432,1
11049,3
9992,3
18826,4
1751,1
18099,3
13386,5
17356,3
21405,5
21948,0
10153,4
13268,4
13570,3
15071,5
7895,1
20021,4
17797,3
15890,4
14897,2
14524,2
21161,4
1447,2
14471,3
7742,1
2035,1
8425,3
21109,2
21968,5
14996,1
3738,0
21077,5
20090,0
3846,3
3077,4
857,1
21191,0
11820,2
19809,2
5398,3
18515,3
18244,0
21907,1
4941,5
1710,2
8392,5
6592,2
12582,4
13888,5
13143,2
14279,4
3780,3
350,0
19867,2
7305,2
8373,5
18580,1
17733,4
5457,2
2242,2
20014,1
2236,4
11013,3
20858,4
9236,1
12831,2
21958,4
18182,1
4852,4
4755,3
12524,3
10023,4
18120,4
1633,2
18109,3
9612,3
8091,0
21172,0
5189,4
1203,3
6821,0
6752,1
20388,5
3610,4
3316,1
8624,4
6360,0
8567,4
11394,4
12063,2
3261,5
20862,3
14023,5
3704,0
3678,2
15394,4
3556,3
22324,2
12926,0
16058,3
10329,2
22196,1
14434,3
15370,0
1893,2
5288,4
11371,3
13756,0
2533,4
15075,3
12680,4
1465,4
19672,3
17218,2
3432,4
21497,2
11663,4
3011,4
11995,3
9420,2
2784,3
11402,1
14490,1
9531,3
5286,3
10678,3
7376,0
13938,4
6926,1
19898,5
2846,0
8503,4
17648,3
15942,2
7948,4
1754,2
17487,1
22289,1
1547,2
21233,3
7534,1
14797,3
7936,1
18664,2
21008,0
1211,3
16224,2
8438,4
7731,4
6222,1
10819,5
1487,1
6349,3
19438,2
8467,4
5576,3
14428,1
1424,0
2603,3
13248,5
9798,3
12556,4
22016,4
6642,0
13687,5
661,3
14811,0
22066,3
3677,0
1949,0
158,1
19764,4
11936,2
122,1
21842,2
8886,0
16647,1
6281,3
22097,4
15128,2
21297,1
11347,3
16258,4
20743,5
19351,5
21002,2
10111,4
9012,0
98,1
17921,3
17275,3
7537,3
8442,5
11909,0
16721,3
731,0
7655,1
9599,0
9496,4
20171,3
8049,3
17636,1
12136,1
18281,1
4624,3
19907,5
20760,2
400,2
10366,0
14723,4
2871,3
20189,3
9637,1
9254,3
8181,0
13181,3
2608,1
13057,5
2757,2
7827,2
19567,3
5101,4
14103,0
5010,2
11320,3
6739,4
19523,2
14399,3
7816,5
8907,3
15768,3
5984,4
6939,3
17357,3
20246,4
22127,5
4875,2
11206,4
18712,5
5642,5
10829,3
72,1
12500,4
1509,1
19791,5
19208,1
12423,2
17981,0
12900,3
18181,2
16883,2
204,2
11614,5
19385,5
15654,1
1352,3
14026,5
7676,5
18103,3
22130,4
21813,5
19054,2
3872,1
8041,0
4044,3
1648,4
15265,1
20130,2
1448,2
780,2
10493,4
12915,2
11833,3
2873,4
8411,5
9936,3
6294,3
22174,3
12162,2
1997,3
11423,0
5075,4
1945,0
10781,1
9837,1
19891,5
14094,2
10839,4
17933,3
6220,4
9619,3
288,0
3272,4
5982,5
1038,4
2452,3
11503,0
14156,2
21814,3
11110,4
13930,5
4076,1
9857,3
7613,2
5819,0
817,1
18768,1
17032,5
6087,1
14373,3
425,3
16632,4
10732,0
21916,2
4652,3
9377,3
18903,4
6966,3
11713,0
8272,0
548,3
685,5
11518,3
13789,4
7524,3
3560,0
20194,1
20391,2
9259,4
17716,2
6839,2
4672,0
4094,2
1832,1
16500,5
5073,0
10883,4
13023,1
1905,1
2497,3
8285,2
18114,4
2515,3
7744,1
11196,5
16180,1
8177,3
8776,5
8228,2
20071,2
14004,5
12767,2
18843,3
8863,0
7525,5
14118,0
10313,4
3284,1
10804,4
9246,2
5968,1
9338,2
1681,1
17849,1
12991,3
20044,2
19536,4
9818,3
15056,2
10460,3
17207,3
8133,3
7007,2
18343,2
21199,4
19423,2
14914,3
16304,4
7766,1
5476,3
12999,1
7907,3
18169,2
16969,5
11565,3
11030,5
22034,5
2439,4
17698,2
17041,4
17726,4
886,1
9046,2
14395,4
485,0
20434,2
11162,0
19018,4
3357,0
1221,3
9340,0
6898,0
12555,2
18455,4
18987,5
20712,1
20925,0
6158,0
1387,0
117,0
8743,5
16259,5
14057,1
15033,5
16998,4
2303,3
5129,4
1996,3
14318,3
9067,2
6408,2
19489,1
19211,3
6155,3
18136,2
11300,0
2092,2
9478,0
17930,4
3874,1
10007,3
3175,5
19216,4
12478,2
347,4
8900,3
9778,2
16514,3
3096,2
13626,3
21249,5
10625,4
8394,3
8614,4
3412,2
16198,2
12054,1
6660,2
3755,1
3947,2
21493,3
11165,4
8212,3
20040,1
20781,0
15268,0
20622,3
21088,4
14936,3
9266,3
19167,2
12186,3
12184,0
20173,3
16476,3
5972,2
19703,4
12152,4
13699,5
9933,2
4430,2
18658,1
248,3
18503,5
15608,1
19841,1
3118,3
5080,4
12326,2
3579,3
6883,0
20182,1
5820,4
6772,4
13565,5
8720,0
15613,3
32,3
7641,3
5171,5
3447,0
11702,4
20899,4
5516,2
1428,2
14170,0
18829,3
14116,1
4416,4
10349,3
7960,3
7312,0
4797,5
13485,5
2914,4
1646,2
10152,3
20347,1
21952,3
12742,3
1294,1
21039,4
18259,1
444,2
7645,3
2907,3
15147,3
909,3
11782,0
20010,2
15173,2
4647,4
9269,0
12197,3
9650,2
2016,2
7713,4
8294,4
6271,1
16186,5
64,3
1943,5
2811,4
10721,3
18582,4
18407,2
7979,3
5914,4
19483,4
21437,5
10341,3
15408,2
22326,0
14398,5
20880,4
1794,4
15592,1
10254,4
9153,0
10888,1
8860,4
12315,4
13954,5
8431,4
10937,3
9201,0
7660,3
3507,2
12522,0
18199,4
22386,3
19048,4
14518,1
12426,2
16326,4
15224,0
20114,0
6018,5
11546,5
1337,2
1341,0
19331,2
9640,1
14584,3
10477,4
3123,4
12910,3
17755,3
18855,3
15017,1
10450,4
11504,5
18916,2
14274,1
12887,4
17891,4
11623,0
19980,3
14138,2
11591,1
4497,3
4106,3
1686,3
19905,4
21993,4
19954,0
13037,3
7236,4
18327,0
3393,3
16547,4
7749,2
4963,2
6868,1
2996,2
2434,2
22382,2
14163,1
11138,3
9182,2
15579,3
19609,4
3358,2
2292,3
21972,4
12698,4
18263,2
15305,0
10390,4
758,2
4052,2
6870,2
5821,4
4971,0
4161,1
432,0
15405,4
17077,4
3239,3
2594,4
12032,1
10468,1
8618,4
17372,1
14994,2
16616,3
17724,4
18092,3
20003,2
9044,0
8814,4
3976,3
21945,2
18900,2
8240,3
10317,3
1456,4
21182,1
7138,0
6794,4
12061,3
8511,5
12431,2
13533,5
12377,4
20460,0
19278,1
8250,3
8005,5
5494,4
2903,5
17632,3
16933,1
9207,3
3842,1
6332,0
17142,0
11147,3
7567,2
16885,4
13172,3
19737,5
9162,2
18453,3
18020,1
20088,3
6492,5
14129,3
20700,3
2621,2
8873,4
9218,3
3324,3
8549,4
21835,3
18863,4
18135,2
7398,3
7685,3
14250,0
5879,1
22195,4
1258,2
5858,1
14768,0
21345,5
8189,3
17974,1
22152,2
20529,1
13731,3
7208,1
11585,4
8328,0
20774,1
17646,2
562,4
1809,2
18266,3
5942,5
16004,3
17851,2
16483,4
406,3
15289,2
16219,4
21245,4
8858,3
16201,5
20550,1
15615,3
22068,0
14820,2
19903,3
10437,3
1914,2
6534,1
2415,3
2803,4
18685,2
18469,3
11351,2
8331,1
17094,5
17834,5
14967,0
17643,2
3356,2
12601,0
3154,5
16029,3
22367,2
8615,5
2408,4
11682,4
14059,1
7151,3
17954,3
1665,3
5355,2
10368,4
10474,1
4591,0
9690,2
17182,2
18069,4
1072,2
1734,2
17513,3
21846,5
15827,2
3790,0
317,4
10215,3
5666,2
3513,0
19667,4
7575,4
9981,3
7478,4
2547,3
20847,1
14841,4
12202,1
19398,5
13656,3
14845,0
11708,3
16241,5
10579,4
21305,4
18252,3
15962,3
18468,2
11344,3
18555,5
1177,0
7121,3
15330,4
19311,4
20792,3
20065,2
13637,0
13424,1
17398,3
5756,0
21639,2
2297,3
15813,5
1585,0
5726,2
20690,2
14482,1
4522,4
8570,4
6820,2
21443,4
8469,1
10903,5
3697,0
22010,4
10119,0
18819,4
9966,3
18188,3
14458,0
6560,2
21783,2
651,5
21801,5
16055,3
19028,2
10042,3
19740,4
19927,5
10617,2
22021,2
13423,3
20441,0
20817,3
19454,1
8247,5
3980,4
1498,0
13297,3
6667,2
19832,5
18334,4
7331,2
11877,0
18122,1
14380,1
8443,4
7239,0
2805,3
21806,5
1940,3
20322,1
2462,3
3065,3
3273,2
13441,3
19873,2
13222,3
11659,3
530,5
1449,3
6747,3
19598,4
14902,4
3734,5
22352,3
19202,3
1356,2
15798,2
11035,4
15802,4
19521,4
11905,0
3541,1
20081,4
4407,2
3385,1
15118,4
16184,5
6441,1
18510,2
15859,3
15346,2
5495,4
13438,4
11697,2
14147,0
1815,2
20991,2
2039,4
5131,4
16801,4
2891,3
10372,5
10345,3
14764,2
18851,3
13480,4
2698,3
7642,1
20994,4
18292,2
7978,5
10902,2
8750,3
557,2
19277,5
16195,5
20777,1
9815,3
10065,4
17383,3
8030,4
2420,4
9360,3
11902,1
14874,3
7796,3
13847,3
8208,2
2782,1
18748,2
14754,0
18629,2
16880,2
20165,1
4460,0
10146,3
6392,1
18524,2
15112,1
8861,3
12677,5
8213,5
11484,1
20763,2
16733,2
15478,4
14045,2
13958,5
14941,2
1907,2
16719,2
1427,3
11329,1
3342,3
18399,3
12022,1
16911,4
12052,3
16825,1
7526,1
4183,4
17884,3
21254,2
6385,0
21568,2
12267,0
8658,4
17557,1
7918,4
20392,3
17181,2
15108,3
3052,3
20457,2
16823,5
12354,2
11998,4
5781,0
10360,1
22193,3
378,1
9323,3
19936,4
7470,4
5521,0
12348,3
7661,3
10952,4
16291,4
14136,2
8633,4
17009,5
1598,0
10051,1
17935,3
16557,5
8971,2
3598,3
20336,1
13720,5
12736,2
18635,4
9398,0
1712,2
9248,0
16524,5
13993,4
6212,2
18175,0
9120,1
14055,3
4070,0
10946,3
907,4
14007,3
8095,3
20772,4
18631,3
2561,0
21989,5
13896,4
18450,3
4910,4
14612,3
5130,2
1658,2
17907,2
14060,5
8026,1
15789,2
15328,3
1795,2
4440,3
12692,5
20680,3
20204,3
21876,3
21932,2
15534,3
2761,3
14833,4
6044,2
12932,5
15043,3
4795,3
9194,1
24,2
12676,3
4338,1
11015,5
17244,1
18415,1
1607,2
7915,1
20691,4
1235,2
8529,4
14180,2
20505,2
15559,3
3951,1
11841,0
14513,5
3287,2
11719,3
6872,3
1514,3
15642,2
18660,4
12980,2
1950,5
13750,2
16942,4
5805,3
1382,0
10826,5
6917,2
3791,1
10796,1
13065,2
21082,1
11729,5
9737,3
2004,3
19435,5
16325,3
5083,4
1788,3
18982,3
683,2
4386,1
6682,3
3804,1
5931,1
2437,0
19108,4
20617,0
3621,3
11636,1
7835,3
2313,0
4422,3
15689,5
16358,2
7265,2
20273,3
17665,3
20737,5
5768,3
6591,0
17222,0
13365,4
10573,2
17117,1
13977,3
17660,2
3500,4
11810,2
3195,3
20778,2
3318,1
66,4
8086,5
20560,0
7176,4
4215,1
13341,1
20981,3
5561,5
16626,4
3550,1
17546,3
363,3
14430,2
18432,4
9987,4
9300,5
11298,2
16289,3
1259,4
19459,2
15530,3
9735,4
5627,2
2538,3
9268,4
21805,4
11717,2
17558,3
2153,3
19002,5
7288,0
8125,4
15151,2
18693,4
20965,2
4288,4
18389,3
19732,4
1490,1
3969,2
16394,5
7561,4
3548,4
14551,3
740,1
14390,4
12550,2
11374,2
4033,1
8487,3
4982,0
387,2
6457,1
15327,0
18474,0
18118,2
17666,3
10401,3
22075,4
3603,3
8244,5
2133,4
9783,1
19733,2
36,0
17479,3
18825,4
22229,5
5583,1
3416,2
13306,3
522,2
11419,2
7302,2
8301,4
20430,2
12451,4
17159,2
4447,0
22291,2
1118,2
2180,3
16906,3
20350,3
7757,3
19436,3
13045,0
13381,1
16980,3
11978,2
4280,2
16987,4
4533,5
21843,2
4557,2
13876,1
16629,3
19492,5
17280,2
22134,2
16489,3
20893,1
10881,4
7714,3
4124,0
13743,2
19401,4
15740,1
20074,4
86,1
19425,4
3722,4
4252,2
2883,2
13192,1
1288,2
11827,0
9559,2
15393,1
16924,2
20410,2
7805,3
11008,5
12174,0
19464,5
5556,1
4089,2
4330,2
21891,5
17236,1
8059,0
15191,0
13071,3
8042,4
670,3
13257,4
11088,2
1455,2
20359,2
1639,3
9697,1
2634,4
15177,1
9727,1
3850,0
7466,0
3745,2
15928,1
2597,3
12170,2
2065,3
7081,3
18264,2
3301,2
8880,3
1376,3
384,0
19763,4
3923,3
1433,2
9705,1
17240,3
10969,5
21594,5
4646,3
9231,1
10452,3
21569,3
12661,4
6241,1
11163,5
6125,2
6173,0
11401,1
2987,4
12637,3
594,4
10730,1
16700,2
5166,3
4662,2
10674,2
19244,3
1530,3
3472,4
5001,3
4123,0
20210,4
10601,4
18538,2
20577,4
13327,1
16306,2
1643,4
8008,0
14624,3
7904,3
9676,2
12494,2
12309,3
5967,3
1535,3
13477,4
10965,4
14302,0
726,2
20083,1
18177,4
5921,3
5093,2
4505,3
5531,1
18225,3
19501,4
1519,4
12635,2
14965,0
8297,0
12390,0
446,3
1663,4
2615,4
20985,4
22381,3
435,4
2268,2
14128,3
1059,0
9108,3
4800,2
15361,1
13878,5
20005,2
6603,3
10524,4
14720,3
21312,3
2315,1
8522,3
14376,3
15538,2
14234,0
17190,1
3044,3
21356,3
18530,3
14583,5
21693,0
7135,3
16301,2
7546,0
5832,3
8999,3
12406,3
4297,1
14212,5
20383,2
13712,5
9720,3
15944,3
10830,5
19757,5
21471,4
12735,4
6085,1
796,2
5811,0
5186,3
18509,5
4073,0
552,1
3446,3
1714,0
10844,5
2131,3
6726,1
18483,0
4446,1
1162,1
4940,4
14817,1
18168,0
702,1
12888,4
1728,2
2011,1
19754,4
8127,3
9086,4
20056,3
226,3
14442,2
13318,4
21796,4
637,3
753,0
20950,3
10303,2
12414,0
19516,3
1884,3
18048,2
12842,3
7351,2
19594,0
18626,5
2429,2
16307,5
11105,4
3943,2
19177,1
15972,5
7501,4
16286,4
20412,4
21162,3
4075,3
1398,0
13002,3
4955,5
8958,1
3345,2
5412,5
2045,0
3844,0
21632,5
20521,1
8495,4
17910,1
5464,4
17707,2
9440,1
18858,4
14314,2
506,4
7547,3
15277,0
21381,5
14266,1
19901,3
11118,5
3223,4
1669,2
5514,4
22115,2
11806,3
246,3
9784,4
12885,3
7860,2
15514,3
78,1
9471,1
3907,1
8071,2
18523,2
9609,2
19880,4
225,1
19217,5
18708,2
15223,1
20795,2
18039,1
6080,4
13548,3
21335,5
2090,3
21844,4
11310,3
18694,2
5486,4
3960,1
20844,4
16775,3
9367,1
1878,2
18042,1
6488,2
12387,1
19000,2
3038,4
7544,1
20815,4
13624,4
22346,2
691,3
11612,4
11990,3
17151,1
15069,0
14002,3
11277,2
17515,2
15590,3
17772,3
3592,2
17657,0
12220,1
4766,4
111,2
21686,4
20509,1
20708,2
20951,2
15207,4
22359,3
7778,4
11161,4
21349,1
15805,3
5059,3
1568,1
21673,5
6228,1
13401,2
20203,2
10958,5
16328,5
12697,2
9276,2
4150,2
6438,0
8336,3
9090,1
10255,5
4686,2
2117,2
2464,4
19264,5
17429,2
1527,2
13874,5
16432,2
1191,3
5330,5
18239,3
17483,4
18377,3
8219,3
21878,5
4276,3
5551,0
9694,2
14036,3
13854,2
11483,1
4119,2
20982,2
20411,1
15658,2
2044,0
887,3
14989,2
19455,1
22213,1
19985,3
18749,1
13971,3
20037,1
19301,2
16517,5
13328,1
433,0
131,1
18590,4
19971,5
4799,2
4305,5
10919,4
7083,4
18154,3
5301,2
7038,0
21589,4
17895,4
7426,0
9251,4
8741,4
11029,0
15683,3
10238,3
3904,0
9938,1
16039,5
9249,0
11772,0
3146,1
13433,2
6813,0
10696,5
19046,5
972,5
1499,2
9096,0
8892,4
21975,3
8879,1
9887,0
19186,4
1874,3
16262,5
16236,2
12894,0
4949,2
17538,1
20832,5
8651,5
13736,5
2003,1
10936,3
3965,2
8871,5
22189,5
2923,4
12795,4
8236,3
16965,3
15083,3
123,0
12001,2
16393,5
2059,3
14326,0
15152,3
3395,2
10503,3
8410,2
18740,3
22133,4
10956,5
12862,4
14349,4
4121,1
10048,2
20055,0
20047,0
537,3
21765,3
743,2
1935,3
5903,5
8045,0
7825,2
13603,2
13340,2
5746,2
13594,5
922,2
17759,1
7336,3
8108,2
13148,3
3168,2
153,1
18883,4
7554,1
7467,1
21395,3
15591,0
10459,3
7964,4
17324,3
6350,2
1117,1
14352,1
14528,3
12957,4
11012,3
1208,1
8845,3
1813,3
2160,5
68,2
19124,4
20913,5
16740,2
4973,4
22389,3
17369,5
21737,5
19387,3
6857,2
10013,4
1860,4
4937,4
7793,0
700,1
12653,5
17120,2
3094,5
21476,5
9432,1
4388,1
4296,2
3492,4
7549,0
14901,2
6918,0
4492,4
17565,3
20726,1
22345,1
19340,3
6029,5
12196,1
3450,2
13889,5
880,0
3353,3
19166,3
12420,0
21246,0
6818,1
5812,2
17184,1
4498,1
15565,1
10221,3
7568,3
1230,0
8034,4
19105,3
17111,5
6440,2
13902,1
9485,4
11747,3
3386,4
542,4
13028,2
7897,0
21881,3
11982,4
15951,2
5786,3
9978,1
14295,3
14929,0
4417,3
5085,5
286,3
5162,1
798,0
22064,2
6799,0
8757,4
3488,0
22226,4
8176,0
3886,3
15746,3
2174,3
9844,4
3145,3
2369,0
5043,3
2918,3
19349,3
576,1
9546,0
9527,2
18382,3
17614,0
11091,4
1650,0
9065,1
2419,1
16898,3
4669,4
392,1
10140,4
12062,1
318,4
17470,1
2927,3
2334,3
3527,0
7574,3
6535,2
22308,2
5587,0
17966,3
18554,4
8926,2
5049,1
18078,2
22325,1
1413,1
12378,0
12542,1
9506,1
5949,4
9851,2
4560,2
3605,3
11258,2
11690,5
14339,3
19850,0
18955,4
20651,3
6501,4
8449,4
6056,1
20666,2
22063,3
4092,3
16497,0
14788,1
5304,5
11493,1
19142,3
10624,4
11316,1
5536,2
2218,0
4343,0
18404,5
3648,1
6913,0
3040,3
8058,4
20243,3
7231,2
4520,1
16034,4
1122,1
3382,2
14637,2
11590,3
4882,5
17026,3
1903,5
17647,4
6943,0
10541,2
10279,3
19099,4
3587,0
11696,3
12679,4
15732,0
6462,0
22241,2
22013,2
5790,4
20939,2
19795,4
20449,1
9315,1
5040,1
10293,2
20618,0
220,0
12701,2
14752,0
14370,3
9528,2
10027,0
6339,4
16554,3
18872,1
3636,1
12958,4
22413,2
10627,4
17278,2
15801,1
15898,4
7754,4
12681,0
4307,4
13274,5
13518,3
20957,2
19654,5
5584,1
19091,3
6576,1
17141,1
15347,1
20112,1
3069,3
17350,5
18439,5
19227,1
16538,3
18148,1
10805,5
16900,2
8279,3
15495,0
1014,0
16854,4
413,4
22077,3
3046,4
664,5
22358,4
18055,3
8809,4
11018,5
11735,0
13602,3
9421,4
17499,3
826,2
5062,0
18204,1
76,1
8815,5
2980,2
3329,3
18603,2
8085,5
16804,4
18928,4
13461,2
10063,5
17992,2
14760,2
14869,1
5606,5
7996,5
25,3
2619,5
10246,3
12248,2
7775,5
19590,3
4571,4
3620,1
331,2
9975,3
12002,2
17258,2
21387,2
19499,5
21123,1
6848,2
11460,0
13674,5
10983,4
4920,3
2021,5
103,1
16246,5
18834,4
13221,0
11269,0
17216,3
8697,3
9357,0
6708,5
1822,2
6137,1
21372,2
8033,0
18379,3
9034,1
18350,0
11755,5
12128,0
19531,4
3207,2
17469,3
4782,3
17298,4
20742,2
17871,2
16789,4
8888,4
8161,5
2551,1
17433,2
10907,5
5509,1
2652,4
21279,1
13760,5
15845,3
10275,4
11487,3
8712,4
16239,4
14407,0
12905,1
9428,4
20357,0
7903,0
7013,4
15585,0
11046,3
12912,0
14287,3
10772,3
11221,2
4534,4
5876,5
13139,1
3885,0
17024,5
17787,2
15200,3
17813,2
21032,0
11954,0
7697,4
11207,3
13267,3
8092,1
19844,4
2107,4
10194,5
17645,2
6935,2
14153,2
11202,3
15531,3
16475,0
258,0
7911,5
3680,2
2321,4
21467,2
8361,3
3489,0
18615,1
6192,4
8626,3
7507,3
4678,4
19547,1
17545,2
10241,3
14668,3
7967,4
19322,4
17259,4
6411,3
90,2
3218,4
18773,4
19034,5
13894,4
224,1
5032,2
12343,2
11395,4
3256,3
21291,4
1928,3
12702,1
4271,3
12613,2
5950,1
14092,5
12027,1
18075,5
1512,0
15308,2
1251,3
12749,3
5322,2
17451,3
3419,2
10296,3
1046,4
9139,2
457,3
20406,2
819,4
7499,2
8040,0
12272,1
806,2
10788,4
13742,5
2788,1
3827,2
3673,0
17055,2
18790,4
11360,3
22216,2
5310,4
13021,5
9628,3
15137,0
13271,0
13468,4
20746,2
16120,2
193,1
7914,3
13692,3
9601,1
17467,1
22348,3
12037,3
8649,0
15271,2
1276,3
15012,1
4144,1
6495,0
4428,0
6379,2
15858,3
11242,0
19851,2
22168,5
20186,4
15208,4
10533,3
5542,0
21903,4
4194,0
2587,4
9504,2
11869,2
12998,3
20599,1
16449,0
2152,2
21616,3
13868,2
20902,4
2341,4
9305,0
1774,1
11153,3
21202,4
5590,4
20568,3
7582,1
7669,4
5007,0
15337,1
17782,3
11174,5
9042,2
11362,1
14074,3
18639,1
11436,2
15518,2
1123,1
20233,1
9215,3
17205,1
18464,2
10780,5
9445,1
16932,0
1865,0
1994,0
7572,4
5597,2
15482,3
21779,3
8592,4
2895,4
17189,1
20104,4
6930,2
3225,5
502,4
7432,3
3528,0
2360,3
12772,4
3477,2
4547,4
22309,2
13853,5
19444,1
16615,4
941,3
10923,5
11006,4
14522,2
7471,3
3405,5
1238,0
14660,2
2755,5
12471,2
21870,4
19246,4
9124,3
21987,4
16482,3
975,2
12282,1
18769,2
2272,2
10047,3
14798,4
18383,1
19828,2
8682,3
18326,0
1783,0
8357,4
16666,2
12198,3
15161,3
17920,0
13751,5
17158,1
4098,1
8190,2
4235,0
14327,3
14545,1
9138,2
21872,3
793,1
13875,5
7434,3
12721,4
2678,5
17664,1
12410,0
4318,2
13953,2
7094,2
16202,4
778,3
6320,0
18705,0
7644,4
1060,2
15293,4
5961,4
1309,4
5834,4
15533,3
6874,2
18805,2
17683,2
15419,5
10927,2
7862,0
18287,2
5264,4
4566,4
8784,3
2684,4
13156,3
16223,3
18544,2
5716,0
11625,1
4410,0
15427,2
5146,5
14622,1
16135,3
5871,4
1500,2
2553,3
1320,2
21151,2
6636,0
5878,4
16530,4
11828,0
10939,5
14027,5
7820,3
5729,4
1163,0
8130,3
21167,3
10256,3
10785,3
20133,1
10412,2
642,4
2514,2
21119,3
19334,2
12384,1
14735,2
9166,0
12159,3
11040,2
3266,4
3901,2
6022,1
8780,0
17093,1
15699,2
7197,3
12703,3
9291,2
8360,5
8850,2
2717,1
14781,0
16426,4
22228,5
19852,5
19386,4
8505,3
17754,1
14249,2
14713,2
650,3
1339,4
15353,1
4518,2
9364,3
19282,2
2023,4
7786,2
16833,3
4020,2
14920,0
13174,3
8324,3
13253,4
102,2
7833,4
18589,2
9669,0
16161,2
17214,2
1810,2
2633,5
9020,3
7729,0
17354,2
13193,4
20145,2
3638,4
7079,3
356,4
13456,2
5778,0
2511,3
17584,5
22135,3
11602,2
11762,3
21715,0
10413,1
3542,2
3539,1
710,2
11560,4
13740,3
19728,3
20559,2
21623,5
9537,4
9502,0
11041,5
1390,0
18108,2
4197,3
1067,1
6775,1
21397,2
19104,3
7316,0
14282,2
12325,1
17118,3
1419,2
14932,0
13877,5
19657,3
13914,3
8367,2
6340,1
15454,1
15473,0
2006,3
524,3
156,0
13835,2
8833,4
17286,4
3443,1
6840,1
16068,4
3530,0
17418,4
17512,3
22164,3
603,1
5344,1
21744,2
21999,5
605,4
3918,1
10509,4
14337,3
1308,1
17694,2
12828,2
12979,0
14672,0
18821,4
8200,5
11331,3
12320,2
5945,5
13782,4
17115,2
21821,4
19652,4
11582,1
21771,3
13342,3
1174,2
8112,2
6841,2
18507,4
5193,3
11531,3
17505,2
12182,4
17904,0
18518,1
15630,3
19779,4
20314,3
8739,1
15781,4
5005,2
21031,2
3956,3
825,1
14439,3
11146,2
6963,2
5744,0
16968,2
1240,0
20720,2
16778,5
20813,5
766,1
17689,3
6306,3
2449,2
21930,0
15671,3
17255,1
18365,2
15090,1
5120,5
3652,3
6439,1
6091,0
5111,2
140,1
9045,2
16724,4
8967,2
10585,5
12145,3
3009,5
19319,4
10734,5
9615,4
2416,4
12670,0
16250,4
10763,2
7540,4
4156,4
1868,0
5882,4
11278,0
10234,1
1836,3
2206,0
7958,4
7692,3
15779,0
11853,2
18002,4
21940,4
5465,2
12616,4
22223,4
13242,3
3242,4
16232,3
137,1
1506,0
8363,4
10159,4
21924,4
13812,4
6434,2
16901,2
15477,3
19130,4
13936,2
10991,4
19404,5
16847,2
21780,5
19121,3
1148,3
2151,4
5041,4
807,2
14414,2
1507,3
20501,3
783,1
13532,5
1883,5
9449,0
12817,3
13833,2
22327,0
22295,0
2992,3
19484,4
14280,3
2318,5
11444,2
4438,0
1049,5
14111,2
16098,4
5071,3
2730,1
8869,3
3248,1
4917,3
21832,2
15955,1
21680,5
8580,4
7041,3
1932,3
11507,0
1723,3
12291,2
8704,5
6141,1
13066,1
16625,4
11986,0
10984,5
9605,0
10039,3
6992,1
17977,3
19584,3
17443,2
1850,3
3343,3
12820,5
11657,4
3007,3
2364,1
15285,0
4619,0
3487,2
13061,4
703,1
12751,4
1186,3
19063,4
1738,3
18064,2
8737,3
19284,5
19826,5
6863,2
15444,4
18142,1
19128,4
9814,1
20831,3
8620,4
9341,0
15772,1
10348,0
147,1
9909,4
13995,5
16907,3
4429,2
22086,2
10646,2
15840,1
21965,5
9037,2
2836,3
11296,1
11471,3
779,2
1830,1
11434,2
4145,0
22153,2
751,0
8604,4
7792,1
11359,2
16463,2
10145,3
4245,2
16388,2
8196,4
7553,1
7671,2
7368,2
18330,1
16414,5
17858,3
22022,2
681,0
763,3
4171,4
10630,4
7440,4
16044,3
11465,2
17734,1
3935,1
18520,2
8415,5
12628,2
19560,5
2193,1
21359,2
15717,5
958,2
7170,2
7765,3
16562,1
16857,0
10157,4
17748,2
11183,4
3138,4
7147,0
14561,1
17656,4
21933,2
19923,2
17685,3
16329,3
12243,3
5751,2
21388,3
15063,1
6028,5
261,3
6549,3
20872,1
12746,4
17742,2
13580,5
18023,0
10972,1
9393,1
7132,4
10728,5
21331,5
12192,1
11148,3
16324,4
3802,1
19403,5
6346,2
21179,1
11155,3
14210,4
20706,3
11400,0
13708,2
11946,1
3473,2
19067,2
21849,2
17156,0
7301,1
3829,1
14926,3
18986,2
6510,2
1044,3
13903,4
17730,2
18354,0
5947,1
19689,1
493,5
3693,0
12711,4
10284,3
13210,5
17044,4
16410,2
4537,3
7764,0
6649,2
17700,1
2148,2
5156,3
4458,2
18475,2
7278,1
19550,2
4502,2
10371,4
15484,1
13982,0
1064,5
1524,2
22018,2
19272,4
1248,5
11539,2
21196,3
11087,0
1088,3
17303,1
18592,1
18977,3
17004,4
15527,3
5472,3
11947,0
8656,5
20313,2
16520,4
609,4
6395,4
7726,4
3789,1
16861,3
235,2
7934,2
422,0
3396,2
5954,1
6568,2
12402,0
3624,1
1045,2
3732,3
6952,5
16176,2
14746,1
7545,3
41,2
10068,3
14042,4
3608,5
11494,1
14351,1
19408,3
15757,3
18386,1
516,4
20450,1
4613,1
2432,4
16065,4
15324,2
21554,5
17970,2
21143,4
11164,3
6621,3
19160,2
22024,4
213,3
16745,4
11383,3
18038,0
20375,2
2467,3
18542,3
15026,4
6671,2
7559,3
2240,3
35,4
16802,2
4992,0
21323,4
14976,2
11756,0
4866,0
9990,3
22258,0
1388,0
80,0
10434,1
6712,0
9607,2
17807,4
10904,5
8046,3
466,4
16020,2
17571,5
2212,2
6062,1
14827,0
11606,1
7168,2
20923,3
11032,5
20841,4
11528,0
13230,1
4625,3
19577,5
7531,5
11117,4
618,3
6729,1
2055,0
8955,1
14558,3
12878,5
4332,1
8770,4
3041,2
19658,2
7492,3
7205,3
3954,0
1358,0
2793,4
865,1
